{
    "type": "one",
    "component": [0,0,0,2],
    "a1": 1,
    "a2": 1,
    "a3": 1000,
    "k": 160,
	"mu": 82,
	"limits_tetta": [[0,0.1,0.00005], [0.10,3.10,0.005], [3.10,3.18,0.00005],[3.18, 6.27, 0.005],[6.27,6.28,0.00005]],
	"limits_phi": [[0,3.14,0.01]]
}