{
    "experiment_number": 7,
    "experiment_type": "one",
    "start": "2022-02-24 15:16:31.595549",
    "duration": 106.302822,
    "square": 0.0002818298839514481,
    "type": "one",
    "component": [
        0,
        0,
        0,
        2
    ],
    "a1": 1,
    "a2": 1,
    "a3": 1000,
    "k": 160,
    "mu": 82,
    "limits_tetta": [
        [
            0,
            0.1,
            5e-05
        ],
        [
            0.1,
            3.1,
            0.01
        ],
        [
            3.1,
            3.18,
            5e-05
        ],
        [
            3.18,
            6.27,
            0.01
        ],
        [
            6.27,
            6.28,
            5e-05
        ]
    ],
    "limits_phi": [
        [
            0,
            3.14,
            0.01
        ]
    ]
}