{
    "experiment_number": 6,
    "experiment_type": "one",
    "start": "2022-02-24 15:11:09.853615",
    "duration": 190.54274,
    "square": 0.00032903779943986724,
    "type": "one",
    "component": [
        0,
        0,
        0,
        2
    ],
    "a1": 1,
    "a2": 1,
    "a3": 1000,
    "k": 160,
    "mu": 82,
    "limits_tetta": [
        [
            0,
            0.1,
            5e-05
        ],
        [
            0.1,
            3.1,
            0.05
        ],
        [
            3.1,
            3.18,
            5e-05
        ],
        [
            3.18,
            6.27,
            0.05
        ],
        [
            6.27,
            6.28,
            5e-05
        ]
    ],
    "limits_phi": [
        [
            0,
            3.14,
            0.005
        ]
    ]
}