{
    "experiment_number": 3,
    "experiment_type": "one",
    "start": "2022-02-24 15:03:32.880824",
    "duration": 0.71199,
    "square": 0.00025452745445569746,
    "type": "one",
    "component": [
        0,
        0,
        0,
        2
    ],
    "a1": 1,
    "a2": 1,
    "a3": 1000,
    "k": 160,
    "mu": 82,
    "limits_tetta": [
        [
            0,
            6.28,
            0.05
        ]
    ],
    "limits_phi": [
        [
            0,
            3.14,
            0.05
        ]
    ]
}