{
    "experiment_number": 0,
    "experiment_type": "one",
    "start": "2022-02-24 14:43:34.391069",
    "duration": 0.792976,
    "square": 0.05769538867548889,
    "type": "one",
    "component": [
        0,
        0,
        0,
        0
    ],
    "a1": 1,
    "a2": 1,
    "a3": 1000,
    "k": 160,
    "mu": 82,
    "limits_tetta": [
        [
            0,
            6.28,
            0.05
        ]
    ],
    "limits_phi": [
        [
            0,
            3.14,
            0.05
        ]
    ]
}