{
    "experiment_number": 9,
    "experiment_type": "one",
    "start": "2022-03-07 14:31:17.277682",
    "duration": 16.843722,
    "square": 0.00028019747737603024,
    "type": "one",
    "component": [
        0,
        0,
        0,
        2
    ],
    "a1": 1,
    "a2": 1,
    "a3": 1000,
    "k": 160,
    "mu": 82,
    "limits_tetta": [
        [
            0,
            6.28,
            0.01
        ]
    ],
    "limits_phi": [
        [
            0,
            3.14,
            0.01
        ]
    ]
}