{
    "experiment_number": 2,
    "experiment_type": "one",
    "start": "2022-02-24 15:02:20.697696",
    "duration": 8.796702,
    "square": 0.00030269861999377866,
    "type": "one",
    "component": [
        0,
        0,
        0,
        2
    ],
    "a1": 1,
    "a2": 1,
    "a3": 1000,
    "k": 160,
    "mu": 82,
    "limits_tetta": [
        [
            0,
            3.1,
            0.05
        ],
        [
            3.1,
            3.18,
            5e-05
        ],
        [
            3.18,
            6.28,
            0.05
        ]
    ],
    "limits_phi": [
        [
            0,
            3.14,
            0.05
        ]
    ]
}