{
    "experiment_number": 1,
    "experiment_type": "one",
    "start": "2022-02-24 15:01:44.434466",
    "duration": 1.589955,
    "square": 0.00030265629758983954,
    "type": "one",
    "component": [
        0,
        0,
        0,
        2
    ],
    "a1": 1,
    "a2": 1,
    "a3": 1000,
    "k": 160,
    "mu": 82,
    "limits_tetta": [
        [
            0,
            3.1,
            0.05
        ],
        [
            3.1,
            3.18,
            0.0005
        ],
        [
            3.18,
            6.28,
            0.05
        ]
    ],
    "limits_phi": [
        [
            0,
            3.14,
            0.05
        ]
    ]
}